[{"model": "admin.logentry", "pk": 1, "fields": {"action_time": "2022-05-31T13:48:05.523Z", "user": 1, "content_type": 7, "object_id": "1", "object_repr": "AllThingsVolleyball.example.com", "action_flag": 2, "change_message": "[{\"changed\": {\"fields\": [\"Domain name\", \"Display name\"]}}]"}}, {"model": "admin.logentry", "pk": 2, "fields": {"action_time": "2022-05-31T15:01:27.272Z", "user": 1, "content_type": 8, "object_id": "1", "object_repr": "smithylee81@yahoo.co.uk", "action_flag": 1, "change_message": "[{\"added\": {}}]"}}, {"model": "admin.logentry", "pk": 3, "fields": {"action_time": "2022-06-03T13:57:24.676Z", "user": 1, "content_type": 13, "object_id": "1", "object_repr": "Leggings", "action_flag": 1, "change_message": "[{\"added\": {}}]"}}, {"model": "admin.logentry", "pk": 4, "fields": {"action_time": "2022-06-03T13:57:44.389Z", "user": 1, "content_type": 13, "object_id": "2", "object_repr": "T-Shirts & Vests", "action_flag": 1, "change_message": "[{\"added\": {}}]"}}, {"model": "admin.logentry", "pk": 5, "fields": {"action_time": "2022-06-03T13:57:59.026Z", "user": 1, "content_type": 13, "object_id": "3", "object_repr": "Hoodies", "action_flag": 1, "change_message": "[{\"added\": {}}]"}}, {"model": "admin.logentry", "pk": 6, "fields": {"action_time": "2022-06-03T14:01:07.895Z", "user": 1, "content_type": 13, "object_id": "1", "object_repr": "All Products", "action_flag": 2, "change_message": "[{\"changed\": {\"fields\": [\"Name\", \"Friendly name\"]}}]"}}, {"model": "admin.logentry", "pk": 7, "fields": {"action_time": "2022-06-03T14:01:25.296Z", "user": 1, "content_type": 13, "object_id": "2", "object_repr": "Clothing", "action_flag": 2, "change_message": "[{\"changed\": {\"fields\": [\"Name\", \"Friendly name\"]}}]"}}, {"model": "admin.logentry", "pk": 8, "fields": {"action_time": "2022-06-03T14:01:34.430Z", "user": 1, "content_type": 13, "object_id": "3", "object_repr": "Accessories", "action_flag": 2, "change_message": "[{\"changed\": {\"fields\": [\"Name\", \"Friendly name\"]}}]"}}, {"model": "admin.logentry", "pk": 9, "fields": {"action_time": "2022-06-03T14:01:57.004Z", "user": 1, "content_type": 13, "object_id": "4", "object_repr": "Equipment", "action_flag": 1, "change_message": "[{\"added\": {}}]"}}, {"model": "admin.logentry", "pk": 10, "fields": {"action_time": "2022-06-03T14:07:20.280Z", "user": 1, "content_type": 14, "object_id": "1", "object_repr": "Evolution of Volleyball Adult/Mens/Ladies Hoodie", "action_flag": 1, "change_message": "[{\"added\": {}}]"}}, {"model": "admin.logentry", "pk": 11, "fields": {"action_time": "2022-06-03T14:07:27.488Z", "user": 1, "content_type": 14, "object_id": "1", "object_repr": "Evolution of Volleyball Adult/Mens/Ladies Hoodie", "action_flag": 2, "change_message": "[]"}}, {"model": "admin.logentry", "pk": 12, "fields": {"action_time": "2022-06-03T14:23:16.489Z", "user": 1, "content_type": 14, "object_id": "1", "object_repr": "Evolution of Volleyball Adult/Mens/Ladies Hoodie", "action_flag": 2, "change_message": "[{\"changed\": {\"fields\": [\"Sku\"]}}]"}}, {"model": "admin.logentry", "pk": 13, "fields": {"action_time": "2022-06-03T16:50:35.742Z", "user": 1, "content_type": 14, "object_id": "2", "object_repr": "Funny Novelty Hoodie", "action_flag": 1, "change_message": "[{\"added\": {}}]"}}, {"model": "admin.logentry", "pk": 14, "fields": {"action_time": "2022-06-03T16:50:51.494Z", "user": 1, "content_type": 14, "object_id": "1", "object_repr": "Evolution of Volleyball Adult/Mens/Ladies Hoodie", "action_flag": 2, "change_message": "[]"}}, {"model": "admin.logentry", "pk": 15, "fields": {"action_time": "2022-06-03T16:51:40.605Z", "user": 1, "content_type": 14, "object_id": "2", "object_repr": "Funny Novelty Hoodie", "action_flag": 2, "change_message": "[{\"changed\": {\"fields\": [\"Image url\", \"Image\"]}}]"}}, {"model": "admin.logentry", "pk": 16, "fields": {"action_time": "2022-06-03T16:54:48.189Z", "user": 1, "content_type": 14, "object_id": "3", "object_repr": "Pullover Hoodie", "action_flag": 1, "change_message": "[{\"added\": {}}]"}}, {"model": "admin.logentry", "pk": 17, "fields": {"action_time": "2022-06-03T16:58:12.187Z", "user": 1, "content_type": 14, "object_id": "3", "object_repr": "Pullover Hoodie", "action_flag": 2, "change_message": "[{\"changed\": {\"fields\": [\"Image url\", \"Image\"]}}]"}}, {"model": "admin.logentry", "pk": 18, "fields": {"action_time": "2022-06-03T17:07:08.203Z", "user": 1, "content_type": 14, "object_id": "2", "object_repr": "Funny Novelty Hoodie", "action_flag": 2, "change_message": "[]"}}, {"model": "admin.logentry", "pk": 19, "fields": {"action_time": "2022-06-03T17:08:51.515Z", "user": 1, "content_type": 14, "object_id": "4", "object_repr": "Unisex Hoodie", "action_flag": 1, "change_message": "[{\"added\": {}}]"}}, {"model": "admin.logentry", "pk": 20, "fields": {"action_time": "2022-06-03T17:10:01.549Z", "user": 1, "content_type": 14, "object_id": "2", "object_repr": "Funny Novelty Hoodie", "action_flag": 2, "change_message": "[]"}}, {"model": "admin.logentry", "pk": 21, "fields": {"action_time": "2022-06-03T17:12:09.191Z", "user": 1, "content_type": 14, "object_id": "2", "object_repr": "Funny Novelty Hoodie", "action_flag": 2, "change_message": "[{\"changed\": {\"fields\": [\"Image\"]}}]"}}, {"model": "admin.logentry", "pk": 22, "fields": {"action_time": "2022-06-03T17:13:33.679Z", "user": 1, "content_type": 14, "object_id": "2", "object_repr": "Funny Novelty Hoodie", "action_flag": 2, "change_message": "[{\"changed\": {\"fields\": [\"Image\"]}}]"}}, {"model": "admin.logentry", "pk": 23, "fields": {"action_time": "2022-06-03T17:15:56.206Z", "user": 1, "content_type": 14, "object_id": "2", "object_repr": "Funny Novelty Hoodie", "action_flag": 2, "change_message": "[{\"changed\": {\"fields\": [\"Image\"]}}]"}}, {"model": "admin.logentry", "pk": 24, "fields": {"action_time": "2022-06-05T12:37:18.968Z", "user": 1, "content_type": 14, "object_id": "5", "object_repr": "Volley Heartbeat Vintage Retro Tank Top", "action_flag": 1, "change_message": "[{\"added\": {}}]"}}, {"model": "admin.logentry", "pk": 25, "fields": {"action_time": "2022-06-05T12:38:40.540Z", "user": 1, "content_type": 14, "object_id": "6", "object_repr": "Volleyball Player Tank Top", "action_flag": 1, "change_message": "[{\"added\": {}}]"}}, {"model": "admin.logentry", "pk": 26, "fields": {"action_time": "2022-06-05T12:40:27.509Z", "user": 1, "content_type": 14, "object_id": "7", "object_repr": "Volleyball Players T-Shirt", "action_flag": 1, "change_message": "[{\"added\": {}}]"}}, {"model": "admin.logentry", "pk": 27, "fields": {"action_time": "2022-06-05T12:41:09.042Z", "user": 1, "content_type": 14, "object_id": "6", "object_repr": "Volleyball Player Tank Top", "action_flag": 2, "change_message": "[{\"changed\": {\"fields\": [\"Sku\"]}}]"}}, {"model": "admin.logentry", "pk": 28, "fields": {"action_time": "2022-06-05T12:42:18.608Z", "user": 1, "content_type": 14, "object_id": "8", "object_repr": "Volleyball Human Evolution T-Shirt", "action_flag": 1, "change_message": "[{\"added\": {}}]"}}, {"model": "admin.logentry", "pk": 29, "fields": {"action_time": "2022-06-05T12:45:32.024Z", "user": 1, "content_type": 14, "object_id": "9", "object_repr": "Vanku Professional Volleyball Net", "action_flag": 1, "change_message": "[{\"added\": {}}]"}}, {"model": "admin.logentry", "pk": 30, "fields": {"action_time": "2022-06-05T12:47:11.763Z", "user": 1, "content_type": 14, "object_id": "10", "object_repr": "Volleyball Net Set Professional Portable", "action_flag": 1, "change_message": "[{\"added\": {}}]"}}, {"model": "admin.logentry", "pk": 31, "fields": {"action_time": "2022-06-05T12:48:19.148Z", "user": 1, "content_type": 14, "object_id": "11", "object_repr": "Retoteng Portable Volleyball Net", "action_flag": 1, "change_message": "[{\"added\": {}}]"}}, {"model": "admin.logentry", "pk": 32, "fields": {"action_time": "2022-06-05T12:49:40.028Z", "user": 1, "content_type": 14, "object_id": "12", "object_repr": "DRM Large 6M Adjustable Volleyball Net", "action_flag": 1, "change_message": "[{\"added\": {}}]"}}, {"model": "admin.logentry", "pk": 33, "fields": {"action_time": "2022-06-05T12:51:10.859Z", "user": 1, "content_type": 14, "object_id": "13", "object_repr": "VETRA Volleyball Soft Touch Volley Ball", "action_flag": 1, "change_message": "[{\"added\": {}}]"}}, {"model": "admin.logentry", "pk": 34, "fields": {"action_time": "2022-06-05T12:52:40.120Z", "user": 1, "content_type": 14, "object_id": "14", "object_repr": "Senston Volleyball Official Size 5", "action_flag": 1, "change_message": "[{\"added\": {}}]"}}, {"model": "admin.logentry", "pk": 35, "fields": {"action_time": "2022-06-05T12:53:47.566Z", "user": 1, "content_type": 14, "object_id": "15", "object_repr": "Beach Volleyball Official Size 5", "action_flag": 1, "change_message": "[{\"added\": {}}]"}}, {"model": "admin.logentry", "pk": 36, "fields": {"action_time": "2022-06-05T12:54:47.952Z", "user": 1, "content_type": 14, "object_id": "16", "object_repr": "MIKASA VOLLEYBALL", "action_flag": 1, "change_message": "[{\"added\": {}}]"}}, {"model": "admin.logentry", "pk": 37, "fields": {"action_time": "2022-06-05T12:57:29.939Z", "user": 1, "content_type": 14, "object_id": "17", "object_repr": "Colour Block Sports Leggings", "action_flag": 1, "change_message": "[{\"added\": {}}]"}}, {"model": "admin.logentry", "pk": 38, "fields": {"action_time": "2022-06-05T12:58:45.564Z", "user": 1, "content_type": 14, "object_id": "18", "object_repr": "Women's Leggings", "action_flag": 1, "change_message": "[{\"added\": {}}]"}}, {"model": "admin.logentry", "pk": 39, "fields": {"action_time": "2022-06-05T12:59:45.581Z", "user": 1, "content_type": 14, "object_id": "19", "object_repr": "Women's Leggings", "action_flag": 1, "change_message": "[{\"added\": {}}]"}}, {"model": "admin.logentry", "pk": 40, "fields": {"action_time": "2022-06-05T13:00:56.892Z", "user": 1, "content_type": 14, "object_id": "20", "object_repr": "VERTAST Pack of 3 Pairs Leggings", "action_flag": 1, "change_message": "[{\"added\": {}}]"}}, {"model": "admin.logentry", "pk": 41, "fields": {"action_time": "2022-06-05T13:03:01.884Z", "user": 1, "content_type": 14, "object_id": "21", "object_repr": "Volleyball Team Bag", "action_flag": 1, "change_message": "[{\"added\": {}}]"}}, {"model": "admin.logentry", "pk": 42, "fields": {"action_time": "2022-06-05T13:04:39.314Z", "user": 1, "content_type": 14, "object_id": "22", "object_repr": "Large Capacity Durable Mesh Volleyball Bag", "action_flag": 1, "change_message": "[{\"added\": {}}]"}}, {"model": "admin.logentry", "pk": 43, "fields": {"action_time": "2022-06-05T13:05:54.510Z", "user": 1, "content_type": 14, "object_id": "23", "object_repr": "Volleyball Training Bag", "action_flag": 1, "change_message": "[{\"added\": {}}]"}}, {"model": "admin.logentry", "pk": 44, "fields": {"action_time": "2022-06-05T13:07:19.881Z", "user": 1, "content_type": 14, "object_id": "24", "object_repr": "KITSACK The ultimate volleyball bag", "action_flag": 1, "change_message": "[{\"added\": {}}]"}}, {"model": "admin.logentry", "pk": 45, "fields": {"action_time": "2022-06-05T13:08:53.476Z", "user": 1, "content_type": 14, "object_id": "25", "object_repr": "Travel Water Bottle Volleyball", "action_flag": 1, "change_message": "[{\"added\": {}}]"}}, {"model": "admin.logentry", "pk": 46, "fields": {"action_time": "2022-06-05T13:10:23.043Z", "user": 1, "content_type": 14, "object_id": "26", "object_repr": "Volleyball Flame Water Bottle", "action_flag": 1, "change_message": "[{\"added\": {}}]"}}, {"model": "admin.logentry", "pk": 47, "fields": {"action_time": "2022-06-05T13:11:49.208Z", "user": 1, "content_type": 14, "object_id": "27", "object_repr": "Retro Style Faded Volleyball Water Bottle", "action_flag": 1, "change_message": "[{\"added\": {}}]"}}, {"model": "admin.logentry", "pk": 48, "fields": {"action_time": "2022-06-05T13:13:02.023Z", "user": 1, "content_type": 14, "object_id": "28", "object_repr": "Retro Poster Styled Volleyball Water Bottle", "action_flag": 1, "change_message": "[{\"added\": {}}]"}}, {"model": "admin.logentry", "pk": 49, "fields": {"action_time": "2022-06-05T13:14:58.493Z", "user": 1, "content_type": 14, "object_id": "29", "object_repr": "Volleyball Knee Pads", "action_flag": 1, "change_message": "[{\"added\": {}}]"}}, {"model": "admin.logentry", "pk": 50, "fields": {"action_time": "2022-06-05T13:16:05.790Z", "user": 1, "content_type": 14, "object_id": "30", "object_repr": "Protective Knee Pads", "action_flag": 1, "change_message": "[{\"added\": {}}]"}}, {"model": "admin.logentry", "pk": 51, "fields": {"action_time": "2022-06-05T13:17:19.350Z", "user": 1, "content_type": 14, "object_id": "31", "object_repr": "Thick Sponge Anti-Collision Kneepads", "action_flag": 1, "change_message": "[{\"added\": {}}]"}}, {"model": "admin.logentry", "pk": 52, "fields": {"action_time": "2022-06-05T13:18:47.900Z", "user": 1, "content_type": 14, "object_id": "32", "object_repr": "EULANT Stretchy Knee Pads for Volleyball", "action_flag": 1, "change_message": "[{\"added\": {}}]"}}, {"model": "admin.logentry", "pk": 53, "fields": {"action_time": "2022-06-05T16:10:30.407Z", "user": 1, "content_type": 14, "object_id": "16", "object_repr": "MIKASA VOLLEYBALL Ball", "action_flag": 2, "change_message": "[{\"changed\": {\"fields\": [\"Name\"]}}]"}}, {"model": "admin.logentry", "pk": 54, "fields": {"action_time": "2022-06-05T16:10:38.415Z", "user": 1, "content_type": 14, "object_id": "15", "object_repr": "Beach Volleyball Official Size 5 Ball", "action_flag": 2, "change_message": "[{\"changed\": {\"fields\": [\"Name\"]}}]"}}, {"model": "admin.logentry", "pk": 55, "fields": {"action_time": "2022-06-05T16:10:49.491Z", "user": 1, "content_type": 14, "object_id": "14", "object_repr": "Senston Volleyball Official Size 5 Ball", "action_flag": 2, "change_message": "[{\"changed\": {\"fields\": [\"Name\"]}}]"}}, {"model": "admin.logentry", "pk": 56, "fields": {"action_time": "2022-06-05T16:11:38.802Z", "user": 1, "content_type": 14, "object_id": "13", "object_repr": "VETRA Volleyball Soft Touch Ball", "action_flag": 2, "change_message": "[{\"changed\": {\"fields\": [\"Name\"]}}]"}}, {"model": "admin.logentry", "pk": 57, "fields": {"action_time": "2022-06-05T16:55:28.259Z", "user": 1, "content_type": 13, "object_id": "5", "object_repr": "Leggings", "action_flag": 1, "change_message": "[{\"added\": {}}]"}}, {"model": "admin.logentry", "pk": 58, "fields": {"action_time": "2022-06-05T16:55:52.265Z", "user": 1, "content_type": 14, "object_id": "19", "object_repr": "Women's Leggings", "action_flag": 2, "change_message": "[{\"changed\": {\"fields\": [\"Category\"]}}]"}}, {"model": "admin.logentry", "pk": 59, "fields": {"action_time": "2022-06-05T17:41:29.965Z", "user": 1, "content_type": 13, "object_id": "6", "object_repr": "t-shirts & tank tops", "action_flag": 1, "change_message": "[{\"added\": {}}]"}}, {"model": "admin.logentry", "pk": 60, "fields": {"action_time": "2022-06-05T17:41:51.538Z", "user": 1, "content_type": 13, "object_id": "6", "object_repr": "tshirts & tank tops", "action_flag": 2, "change_message": "[{\"changed\": {\"fields\": [\"Name\"]}}]"}}, {"model": "admin.logentry", "pk": 61, "fields": {"action_time": "2022-06-05T17:42:29.759Z", "user": 1, "content_type": 13, "object_id": "6", "object_repr": "tshirts_tank_tops", "action_flag": 2, "change_message": "[{\"changed\": {\"fields\": [\"Name\"]}}]"}}, {"model": "admin.logentry", "pk": 62, "fields": {"action_time": "2022-06-05T17:42:57.376Z", "user": 1, "content_type": 13, "object_id": "6", "object_repr": "TShirts_Tank_Tops", "action_flag": 2, "change_message": "[{\"changed\": {\"fields\": [\"Name\"]}}]"}}, {"model": "admin.logentry", "pk": 63, "fields": {"action_time": "2022-06-05T17:43:15.963Z", "user": 1, "content_type": 13, "object_id": "7", "object_repr": "Hoodies", "action_flag": 1, "change_message": "[{\"added\": {}}]"}}, {"model": "admin.logentry", "pk": 64, "fields": {"action_time": "2022-06-05T17:43:56.428Z", "user": 1, "content_type": 13, "object_id": "7", "object_repr": "Hoodie", "action_flag": 2, "change_message": "[{\"changed\": {\"fields\": [\"Name\", \"Friendly name\"]}}]"}}, {"model": "admin.logentry", "pk": 65, "fields": {"action_time": "2022-06-05T17:44:20.216Z", "user": 1, "content_type": 13, "object_id": "7", "object_repr": "Hoodies", "action_flag": 2, "change_message": "[{\"changed\": {\"fields\": [\"Name\", \"Friendly name\"]}}]"}}, {"model": "admin.logentry", "pk": 66, "fields": {"action_time": "2022-06-05T18:05:17.293Z", "user": 1, "content_type": 14, "object_id": "18", "object_repr": "Women's Leggings", "action_flag": 2, "change_message": "[{\"changed\": {\"fields\": [\"Category\"]}}]"}}, {"model": "admin.logentry", "pk": 67, "fields": {"action_time": "2022-06-05T18:05:44.095Z", "user": 1, "content_type": 13, "object_id": "4", "object_repr": "Equipment", "action_flag": 3, "change_message": ""}}, {"model": "admin.logentry", "pk": 68, "fields": {"action_time": "2022-06-05T18:05:44.117Z", "user": 1, "content_type": 13, "object_id": "3", "object_repr": "Accessories", "action_flag": 3, "change_message": ""}}, {"model": "admin.logentry", "pk": 69, "fields": {"action_time": "2022-06-05T18:05:44.118Z", "user": 1, "content_type": 13, "object_id": "2", "object_repr": "Clothing", "action_flag": 3, "change_message": ""}}, {"model": "admin.logentry", "pk": 70, "fields": {"action_time": "2022-06-05T18:05:57.577Z", "user": 1, "content_type": 14, "object_id": "1", "object_repr": "Evolution of Volleyball Adult/Mens/Ladies Hoodie", "action_flag": 2, "change_message": "[{\"changed\": {\"fields\": [\"Category\"]}}]"}}, {"model": "admin.logentry", "pk": 71, "fields": {"action_time": "2022-06-05T18:06:15.106Z", "user": 1, "content_type": 13, "object_id": "8", "object_repr": "Balls", "action_flag": 1, "change_message": "[{\"added\": {}}]"}}, {"model": "admin.logentry", "pk": 72, "fields": {"action_time": "2022-06-05T18:06:32.112Z", "user": 1, "content_type": 13, "object_id": "9", "object_repr": "knee_pads", "action_flag": 1, "change_message": "[{\"added\": {}}]"}}, {"model": "admin.logentry", "pk": 73, "fields": {"action_time": "2022-06-05T18:06:40.948Z", "user": 1, "content_type": 13, "object_id": "10", "object_repr": "Nets", "action_flag": 1, "change_message": "[{\"added\": {}}]"}}, {"model": "admin.logentry", "pk": 74, "fields": {"action_time": "2022-06-05T18:06:48.400Z", "user": 1, "content_type": 13, "object_id": "10", "object_repr": "nets", "action_flag": 2, "change_message": "[{\"changed\": {\"fields\": [\"Name\"]}}]"}}, {"model": "admin.logentry", "pk": 75, "fields": {"action_time": "2022-06-05T18:06:51.328Z", "user": 1, "content_type": 13, "object_id": "9", "object_repr": "knee_pads", "action_flag": 2, "change_message": "[]"}}, {"model": "admin.logentry", "pk": 76, "fields": {"action_time": "2022-06-05T18:06:55.896Z", "user": 1, "content_type": 13, "object_id": "8", "object_repr": "balls", "action_flag": 2, "change_message": "[{\"changed\": {\"fields\": [\"Name\"]}}]"}}, {"model": "admin.logentry", "pk": 77, "fields": {"action_time": "2022-06-05T18:07:00.306Z", "user": 1, "content_type": 13, "object_id": "7", "object_repr": "hoodies", "action_flag": 2, "change_message": "[{\"changed\": {\"fields\": [\"Name\"]}}]"}}, {"model": "admin.logentry", "pk": 78, "fields": {"action_time": "2022-06-05T18:07:12.015Z", "user": 1, "content_type": 13, "object_id": "6", "object_repr": "t-shirts_tank_tops", "action_flag": 2, "change_message": "[{\"changed\": {\"fields\": [\"Name\"]}}]"}}, {"model": "admin.logentry", "pk": 79, "fields": {"action_time": "2022-06-05T18:07:16.939Z", "user": 1, "content_type": 13, "object_id": "5", "object_repr": "leggings", "action_flag": 2, "change_message": "[{\"changed\": {\"fields\": [\"Name\"]}}]"}}, {"model": "admin.logentry", "pk": 80, "fields": {"action_time": "2022-06-05T18:07:28.603Z", "user": 1, "content_type": 13, "object_id": "11", "object_repr": "bottles", "action_flag": 1, "change_message": "[{\"added\": {}}]"}}, {"model": "admin.logentry", "pk": 81, "fields": {"action_time": "2022-06-05T18:07:38.827Z", "user": 1, "content_type": 13, "object_id": "12", "object_repr": "bags", "action_flag": 1, "change_message": "[{\"added\": {}}]"}}, {"model": "admin.logentry", "pk": 82, "fields": {"action_time": "2022-06-05T18:08:02.567Z", "user": 1, "content_type": 14, "object_id": "13", "object_repr": "VETRA Volleyball Soft Touch Ball", "action_flag": 2, "change_message": "[{\"changed\": {\"fields\": [\"Category\"]}}]"}}, {"model": "admin.logentry", "pk": 83, "fields": {"action_time": "2022-06-05T18:08:07.689Z", "user": 1, "content_type": 14, "object_id": "29", "object_repr": "Volleyball Knee Pads", "action_flag": 2, "change_message": "[{\"changed\": {\"fields\": [\"Category\"]}}]"}}, {"model": "admin.logentry", "pk": 84, "fields": {"action_time": "2022-06-05T18:08:12.063Z", "user": 1, "content_type": 14, "object_id": "17", "object_repr": "Colour Block Sports Leggings", "action_flag": 2, "change_message": "[{\"changed\": {\"fields\": [\"Category\"]}}]"}}, {"model": "admin.logentry", "pk": 85, "fields": {"action_time": "2022-06-05T18:08:19.423Z", "user": 1, "content_type": 14, "object_id": "2", "object_repr": "Funny Novelty Hoodie", "action_flag": 2, "change_message": "[{\"changed\": {\"fields\": [\"Category\"]}}]"}}, {"model": "admin.logentry", "pk": 86, "fields": {"action_time": "2022-06-05T18:08:25.565Z", "user": 1, "content_type": 14, "object_id": "32", "object_repr": "EULANT Stretchy Knee Pads for Volleyball", "action_flag": 2, "change_message": "[{\"changed\": {\"fields\": [\"Category\"]}}]"}}, {"model": "admin.logentry", "pk": 87, "fields": {"action_time": "2022-06-05T18:08:30.002Z", "user": 1, "content_type": 14, "object_id": "19", "object_repr": "Women's Leggings", "action_flag": 2, "change_message": "[]"}}, {"model": "admin.logentry", "pk": 88, "fields": {"action_time": "2022-06-05T18:08:35.879Z", "user": 1, "content_type": 14, "object_id": "7", "object_repr": "Volleyball Players T-Shirt", "action_flag": 2, "change_message": "[{\"changed\": {\"fields\": [\"Category\"]}}]"}}, {"model": "admin.logentry", "pk": 89, "fields": {"action_time": "2022-06-05T18:08:41.910Z", "user": 1, "content_type": 14, "object_id": "20", "object_repr": "VERTAST Pack of 3 Pairs Leggings", "action_flag": 2, "change_message": "[{\"changed\": {\"fields\": [\"Category\"]}}]"}}, {"model": "admin.logentry", "pk": 90, "fields": {"action_time": "2022-06-05T18:08:48.750Z", "user": 1, "content_type": 14, "object_id": "25", "object_repr": "Travel Water Bottle Volleyball", "action_flag": 2, "change_message": "[{\"changed\": {\"fields\": [\"Category\"]}}]"}}, {"model": "admin.logentry", "pk": 91, "fields": {"action_time": "2022-06-05T18:08:54.973Z", "user": 1, "content_type": 14, "object_id": "16", "object_repr": "MIKASA VOLLEYBALL Ball", "action_flag": 2, "change_message": "[{\"changed\": {\"fields\": [\"Category\"]}}]"}}, {"model": "admin.logentry", "pk": 92, "fields": {"action_time": "2022-06-05T18:09:00.275Z", "user": 1, "content_type": 14, "object_id": "16", "object_repr": "MIKASA VOLLEYBALL Ball", "action_flag": 2, "change_message": "[]"}}, {"model": "admin.logentry", "pk": 93, "fields": {"action_time": "2022-06-05T18:09:07.291Z", "user": 1, "content_type": 14, "object_id": "14", "object_repr": "Senston Volleyball Official Size 5 Ball", "action_flag": 2, "change_message": "[{\"changed\": {\"fields\": [\"Category\"]}}]"}}, {"model": "admin.logentry", "pk": 94, "fields": {"action_time": "2022-06-05T18:09:13.123Z", "user": 1, "content_type": 14, "object_id": "14", "object_repr": "Senston Volleyball Official Size 5 Ball", "action_flag": 2, "change_message": "[]"}}, {"model": "admin.logentry", "pk": 95, "fields": {"action_time": "2022-06-05T18:09:19.895Z", "user": 1, "content_type": 14, "object_id": "24", "object_repr": "KITSACK The ultimate volleyball bag", "action_flag": 2, "change_message": "[{\"changed\": {\"fields\": [\"Category\"]}}]"}}, {"model": "admin.logentry", "pk": 96, "fields": {"action_time": "2022-06-05T18:09:26.189Z", "user": 1, "content_type": 14, "object_id": "30", "object_repr": "Protective Knee Pads", "action_flag": 2, "change_message": "[{\"changed\": {\"fields\": [\"Category\"]}}]"}}, {"model": "admin.logentry", "pk": 97, "fields": {"action_time": "2022-06-05T18:09:32.007Z", "user": 1, "content_type": 14, "object_id": "3", "object_repr": "Pullover Hoodie", "action_flag": 2, "change_message": "[{\"changed\": {\"fields\": [\"Category\"]}}]"}}, {"model": "admin.logentry", "pk": 98, "fields": {"action_time": "2022-06-05T18:09:35.884Z", "user": 1, "content_type": 14, "object_id": "18", "object_repr": "Women's Leggings", "action_flag": 2, "change_message": "[]"}}, {"model": "admin.logentry", "pk": 99, "fields": {"action_time": "2022-06-05T18:09:41.503Z", "user": 1, "content_type": 14, "object_id": "9", "object_repr": "Vanku Professional Volleyball Net", "action_flag": 2, "change_message": "[{\"changed\": {\"fields\": [\"Category\"]}}]"}}, {"model": "admin.logentry", "pk": 100, "fields": {"action_time": "2022-06-05T18:09:48.420Z", "user": 1, "content_type": 14, "object_id": "4", "object_repr": "Unisex Hoodie", "action_flag": 2, "change_message": "[{\"changed\": {\"fields\": [\"Category\"]}}]"}}, {"model": "admin.logentry", "pk": 101, "fields": {"action_time": "2022-06-05T18:09:54.536Z", "user": 1, "content_type": 14, "object_id": "18", "object_repr": "Women's Leggings", "action_flag": 2, "change_message": "[]"}}, {"model": "admin.logentry", "pk": 102, "fields": {"action_time": "2022-06-05T18:10:04.251Z", "user": 1, "content_type": 14, "object_id": "15", "object_repr": "Beach Volleyball Official Size 5 Ball", "action_flag": 2, "change_message": "[{\"changed\": {\"fields\": [\"Category\"]}}]"}}, {"model": "admin.logentry", "pk": 103, "fields": {"action_time": "2022-06-05T18:10:12.145Z", "user": 1, "content_type": 14, "object_id": "12", "object_repr": "DRM Large 6M Adjustable Volleyball Net", "action_flag": 2, "change_message": "[{\"changed\": {\"fields\": [\"Category\"]}}]"}}, {"model": "admin.logentry", "pk": 104, "fields": {"action_time": "2022-06-05T18:10:17.619Z", "user": 1, "content_type": 14, "object_id": "8", "object_repr": "Volleyball Human Evolution T-Shirt", "action_flag": 2, "change_message": "[{\"changed\": {\"fields\": [\"Category\"]}}]"}}, {"model": "admin.logentry", "pk": 105, "fields": {"action_time": "2022-06-05T18:10:28.278Z", "user": 1, "content_type": 14, "object_id": "26", "object_repr": "Volleyball Flame Water Bottle", "action_flag": 2, "change_message": "[{\"changed\": {\"fields\": [\"Category\"]}}]"}}, {"model": "admin.logentry", "pk": 106, "fields": {"action_time": "2022-06-05T18:10:35.296Z", "user": 1, "content_type": 14, "object_id": "31", "object_repr": "Thick Sponge Anti-Collision Kneepads", "action_flag": 2, "change_message": "[{\"changed\": {\"fields\": [\"Category\"]}}]"}}, {"model": "admin.logentry", "pk": 107, "fields": {"action_time": "2022-06-05T18:10:40.080Z", "user": 1, "content_type": 14, "object_id": "6", "object_repr": "Volleyball Player Tank Top", "action_flag": 2, "change_message": "[{\"changed\": {\"fields\": [\"Category\"]}}]"}}, {"model": "admin.logentry", "pk": 108, "fields": {"action_time": "2022-06-05T18:10:47.120Z", "user": 1, "content_type": 14, "object_id": "27", "object_repr": "Retro Style Faded Volleyball Water Bottle", "action_flag": 2, "change_message": "[{\"changed\": {\"fields\": [\"Category\"]}}]"}}, {"model": "admin.logentry", "pk": 109, "fields": {"action_time": "2022-06-05T18:10:52.464Z", "user": 1, "content_type": 14, "object_id": "5", "object_repr": "Volley Heartbeat Vintage Retro Tank Top", "action_flag": 2, "change_message": "[{\"changed\": {\"fields\": [\"Category\"]}}]"}}, {"model": "admin.logentry", "pk": 110, "fields": {"action_time": "2022-06-05T18:10:59.281Z", "user": 1, "content_type": 14, "object_id": "10", "object_repr": "Volleyball Net Set Professional Portable", "action_flag": 2, "change_message": "[{\"changed\": {\"fields\": [\"Category\"]}}]"}}, {"model": "admin.logentry", "pk": 111, "fields": {"action_time": "2022-06-05T18:11:04.652Z", "user": 1, "content_type": 14, "object_id": "21", "object_repr": "Volleyball Team Bag", "action_flag": 2, "change_message": "[{\"changed\": {\"fields\": [\"Category\"]}}]"}}, {"model": "admin.logentry", "pk": 112, "fields": {"action_time": "2022-06-05T18:11:10.411Z", "user": 1, "content_type": 14, "object_id": "22", "object_repr": "Large Capacity Durable Mesh Volleyball Bag", "action_flag": 2, "change_message": "[{\"changed\": {\"fields\": [\"Category\"]}}]"}}, {"model": "admin.logentry", "pk": 113, "fields": {"action_time": "2022-06-05T18:11:15.876Z", "user": 1, "content_type": 14, "object_id": "11", "object_repr": "Retoteng Portable Volleyball Net", "action_flag": 2, "change_message": "[{\"changed\": {\"fields\": [\"Category\"]}}]"}}, {"model": "admin.logentry", "pk": 114, "fields": {"action_time": "2022-06-05T18:11:21.111Z", "user": 1, "content_type": 14, "object_id": "28", "object_repr": "Retro Poster Styled Volleyball Water Bottle", "action_flag": 2, "change_message": "[{\"changed\": {\"fields\": [\"Category\"]}}]"}}, {"model": "admin.logentry", "pk": 115, "fields": {"action_time": "2022-06-05T18:11:27.849Z", "user": 1, "content_type": 14, "object_id": "23", "object_repr": "Volleyball Training Bag", "action_flag": 2, "change_message": "[{\"changed\": {\"fields\": [\"Category\"]}}]"}}, {"model": "admin.logentry", "pk": 116, "fields": {"action_time": "2022-06-05T18:13:29.615Z", "user": 1, "content_type": 13, "object_id": "6", "object_repr": "t-shirts_tank_tops", "action_flag": 2, "change_message": "[]"}}, {"model": "admin.logentry", "pk": 117, "fields": {"action_time": "2022-06-06T14:04:52.098Z", "user": 1, "content_type": 14, "object_id": "13", "object_repr": "VETRA Volleyball Soft Touch Ball", "action_flag": 2, "change_message": "[{\"changed\": {\"fields\": [\"Description\"]}}]"}}, {"model": "admin.logentry", "pk": 118, "fields": {"action_time": "2022-06-06T14:05:25.314Z", "user": 1, "content_type": 14, "object_id": "16", "object_repr": "MIKASA VOLLEYBALL Ball", "action_flag": 2, "change_message": "[{\"changed\": {\"fields\": [\"Description\"]}}]"}}, {"model": "admin.logentry", "pk": 119, "fields": {"action_time": "2022-06-06T14:05:51.524Z", "user": 1, "content_type": 14, "object_id": "15", "object_repr": "Beach Volleyball Official Size 5 Ball", "action_flag": 2, "change_message": "[{\"changed\": {\"fields\": [\"Description\"]}}]"}}, {"model": "admin.logentry", "pk": 120, "fields": {"action_time": "2022-06-06T14:06:54.422Z", "user": 1, "content_type": 14, "object_id": "12", "object_repr": "DRM Large 6M Adjustable Volleyball Net", "action_flag": 2, "change_message": "[{\"changed\": {\"fields\": [\"Description\"]}}]"}}, {"model": "admin.logentry", "pk": 121, "fields": {"action_time": "2022-06-06T14:07:13.626Z", "user": 1, "content_type": 14, "object_id": "10", "object_repr": "Volleyball Net Set Professional Portable", "action_flag": 2, "change_message": "[{\"changed\": {\"fields\": [\"Description\"]}}]"}}, {"model": "admin.logentry", "pk": 122, "fields": {"action_time": "2022-06-06T14:07:29.089Z", "user": 1, "content_type": 14, "object_id": "11", "object_repr": "Retoteng Portable Volleyball Net", "action_flag": 2, "change_message": "[{\"changed\": {\"fields\": [\"Description\"]}}]"}}, {"model": "admin.logentry", "pk": 123, "fields": {"action_time": "2022-06-06T14:07:59.710Z", "user": 1, "content_type": 14, "object_id": "11", "object_repr": "Retoteng Portable Volleyball Net", "action_flag": 2, "change_message": "[]"}}, {"model": "admin.logentry", "pk": 124, "fields": {"action_time": "2022-06-06T14:08:05.786Z", "user": 1, "content_type": 14, "object_id": "10", "object_repr": "Volleyball Net Set Professional Portable", "action_flag": 2, "change_message": "[]"}}, {"model": "admin.logentry", "pk": 125, "fields": {"action_time": "2022-06-06T14:08:14.689Z", "user": 1, "content_type": 14, "object_id": "12", "object_repr": "DRM Large 6M Adjustable Volleyball Net", "action_flag": 2, "change_message": "[]"}}, {"model": "admin.logentry", "pk": 126, "fields": {"action_time": "2022-06-06T14:08:41.972Z", "user": 1, "content_type": 14, "object_id": "9", "object_repr": "Vanku Professional Volleyball Net", "action_flag": 2, "change_message": "[{\"changed\": {\"fields\": [\"Description\"]}}]"}}, {"model": "admin.logentry", "pk": 127, "fields": {"action_time": "2022-06-06T15:45:10.928Z", "user": 1, "content_type": 14, "object_id": "1", "object_repr": "Evolution of Volleyball Adult/Mens/Ladies Hoodie", "action_flag": 2, "change_message": "[]"}}, {"model": "admin.logentry", "pk": 128, "fields": {"action_time": "2022-06-06T15:45:34.782Z", "user": 1, "content_type": 14, "object_id": "3", "object_repr": "Pullover Hoodie", "action_flag": 2, "change_message": "[{\"changed\": {\"fields\": [\"Description\"]}}]"}}, {"model": "admin.logentry", "pk": 129, "fields": {"action_time": "2022-06-06T15:46:11.271Z", "user": 1, "content_type": 14, "object_id": "4", "object_repr": "Unisex Hoodie", "action_flag": 2, "change_message": "[{\"changed\": {\"fields\": [\"Description\"]}}]"}}, {"model": "admin.logentry", "pk": 130, "fields": {"action_time": "2022-06-06T15:46:23.417Z", "user": 1, "content_type": 14, "object_id": "4", "object_repr": "Unisex Hoodie", "action_flag": 2, "change_message": "[]"}}, {"model": "admin.logentry", "pk": 131, "fields": {"action_time": "2022-06-06T15:46:36.192Z", "user": 1, "content_type": 14, "object_id": "3", "object_repr": "Pullover Hoodie", "action_flag": 2, "change_message": "[]"}}, {"model": "admin.logentry", "pk": 132, "fields": {"action_time": "2022-06-06T15:46:52.768Z", "user": 1, "content_type": 14, "object_id": "2", "object_repr": "Funny Novelty Hoodie", "action_flag": 2, "change_message": "[{\"changed\": {\"fields\": [\"Description\"]}}]"}}, {"model": "admin.logentry", "pk": 133, "fields": {"action_time": "2022-06-06T15:47:46.308Z", "user": 1, "content_type": 14, "object_id": "13", "object_repr": "VETRA Volleyball Soft Touch Ball", "action_flag": 2, "change_message": "[{\"changed\": {\"fields\": [\"Description\"]}}]"}}, {"model": "admin.logentry", "pk": 134, "fields": {"action_time": "2022-06-06T15:48:12.259Z", "user": 1, "content_type": 14, "object_id": "14", "object_repr": "Senston Volleyball Official Size 5 Ball", "action_flag": 2, "change_message": "[{\"changed\": {\"fields\": [\"Description\"]}}]"}}, {"model": "admin.logentry", "pk": 135, "fields": {"action_time": "2022-06-06T15:48:34.752Z", "user": 1, "content_type": 14, "object_id": "15", "object_repr": "Beach Volleyball Official Size 5 Ball", "action_flag": 2, "change_message": "[{\"changed\": {\"fields\": [\"Description\"]}}]"}}, {"model": "admin.logentry", "pk": 136, "fields": {"action_time": "2022-06-06T16:10:16.645Z", "user": 1, "content_type": 14, "object_id": "22", "object_repr": "Large Capacity Durable Mesh Volleyball Bag", "action_flag": 2, "change_message": "[{\"changed\": {\"fields\": [\"Description\"]}}]"}}, {"model": "admin.logentry", "pk": 137, "fields": {"action_time": "2022-06-06T16:10:53.102Z", "user": 1, "content_type": 14, "object_id": "24", "object_repr": "KITSACK The ultimate volleyball bag", "action_flag": 2, "change_message": "[{\"changed\": {\"fields\": [\"Description\"]}}]"}}, {"model": "admin.logentry", "pk": 138, "fields": {"action_time": "2022-06-06T16:12:51.152Z", "user": 1, "content_type": 14, "object_id": "25", "object_repr": "Travel Water Bottle Volleyball", "action_flag": 2, "change_message": "[{\"changed\": {\"fields\": [\"Description\"]}}]"}}, {"model": "admin.logentry", "pk": 139, "fields": {"action_time": "2022-06-06T16:13:33.139Z", "user": 1, "content_type": 14, "object_id": "26", "object_repr": "Volleyball Flame Water Bottle", "action_flag": 2, "change_message": "[{\"changed\": {\"fields\": [\"Description\"]}}]"}}, {"model": "admin.logentry", "pk": 140, "fields": {"action_time": "2022-06-06T16:13:57.615Z", "user": 1, "content_type": 14, "object_id": "28", "object_repr": "Retro Poster Styled Volleyball Water Bottle", "action_flag": 2, "change_message": "[{\"changed\": {\"fields\": [\"Description\"]}}]"}}, {"model": "admin.logentry", "pk": 141, "fields": {"action_time": "2022-06-06T16:14:26.727Z", "user": 1, "content_type": 14, "object_id": "28", "object_repr": "Retro Poster Styled Volleyball Water Bottle", "action_flag": 2, "change_message": "[]"}}, {"model": "admin.logentry", "pk": 142, "fields": {"action_time": "2022-06-06T16:14:39.888Z", "user": 1, "content_type": 14, "object_id": "27", "object_repr": "Retro Style Faded Volleyball Water Bottle", "action_flag": 2, "change_message": "[{\"changed\": {\"fields\": [\"Description\"]}}]"}}, {"model": "admin.logentry", "pk": 143, "fields": {"action_time": "2022-06-10T19:29:16.938Z", "user": 1, "content_type": 16, "object_id": "1", "object_repr": "52DFF13B864F46459B6642D276E3EEFB", "action_flag": 2, "change_message": "[{\"deleted\": {\"name\": \"order line item\", \"object\": \"SKU B09C1VJ2VT on order 52DFF13B864F46459B6642D276E3EEFB\"}}]"}}, {"model": "admin.logentry", "pk": 144, "fields": {"action_time": "2022-06-13T10:16:17.190Z", "user": 1, "content_type": 4, "object_id": "1", "object_repr": "smithylee81@yahoo.co.uk", "action_flag": 2, "change_message": "[{\"changed\": {\"fields\": [\"Username\", \"First name\", \"Last name\"]}}]"}}, {"model": "admin.logentry", "pk": 145, "fields": {"action_time": "2022-06-13T10:16:57.967Z", "user": 1, "content_type": 4, "object_id": "1", "object_repr": "lornilee", "action_flag": 2, "change_message": "[{\"changed\": {\"fields\": [\"Username\"]}}]"}}, {"model": "admin.logentry", "pk": 146, "fields": {"action_time": "2022-06-13T11:10:32.640Z", "user": 1, "content_type": 7, "object_id": "1", "object_repr": "AllThingsVolleyball@example.com", "action_flag": 2, "change_message": "[{\"changed\": {\"fields\": [\"Domain name\"]}}]"}}, {"model": "admin.logentry", "pk": 147, "fields": {"action_time": "2022-06-13T13:17:22.178Z", "user": 1, "content_type": 14, "object_id": "34", "object_repr": "TEST2- NewProduct-Image", "action_flag": 3, "change_message": ""}}, {"model": "admin.logentry", "pk": 148, "fields": {"action_time": "2022-06-13T13:17:22.180Z", "user": 1, "content_type": 14, "object_id": "33", "object_repr": "ewewewew", "action_flag": 3, "change_message": ""}}, {"model": "auth.user", "pk": 1, "fields": {"password": "pbkdf2_sha256$260000$aAmGj6xtvS8L6pqnGNr1rx$DQEz45sEy9MvlgpPDYnuY4d24TIEvwhghzed+lvcNN4=", "last_login": "2022-06-13T16:59:31.395Z", "is_superuser": true, "username": "lornilee", "first_name": "Lorni", "last_name": "Smith", "email": "smithylee81@yahoo.co.uk", "is_staff": true, "is_active": true, "date_joined": "2022-05-25T18:58:29Z", "groups": [], "user_permissions": []}}, {"model": "auth.user", "pk": 2, "fields": {"password": "pbkdf2_sha256$260000$PzRTmlmRH4vy1wvG3jlDvk$3Q3pE7kvuNPTmLRPzEHFLiEnxjtcgorNl4LHCsnxcjU=", "last_login": "2022-06-12T09:58:46.213Z", "is_superuser": true, "username": "LLCoolJ22", "first_name": "", "last_name": "", "email": "smithylee81@yahoo.co.uk", "is_staff": true, "is_active": true, "date_joined": "2022-06-12T09:56:51.407Z", "groups": [], "user_permissions": []}}, {"model": "auth.user", "pk": 3, "fields": {"password": "pbkdf2_sha256$260000$KnhUpXNeU28QXg7HTrjObK$AcdhyZTywjLXBCd2U7JtQjUqgYJFuAnn43xsVxpa8b4=", "last_login": "2022-06-12T16:33:27.398Z", "is_superuser": false, "username": "lorni81", "first_name": "", "last_name": "", "email": "lorni1981@gmail.com", "is_staff": false, "is_active": true, "date_joined": "2022-06-12T10:12:27.403Z", "groups": [], "user_permissions": []}}, {"model": "auth.user", "pk": 4, "fields": {"password": "pbkdf2_sha256$260000$xloSrYTN29OJcVPhi6x040$HD99DU06KMrbWXkZZERVxzsS4TcG1d9b6etAtoBdz+c=", "last_login": "2022-06-13T16:55:37.324Z", "is_superuser": false, "username": "JasKV", "first_name": "", "last_name": "", "email": "jasvraitch@yahoo.com", "is_staff": false, "is_active": true, "date_joined": "2022-06-13T16:54:07.261Z", "groups": [], "user_permissions": []}}, {"model": "sessions.session", "pk": "4cle5vixg6gy7xfe9axj54tj07y06t5y", "fields": {"session_data": ".eJxVjM0OgyAQhN9lz8Yg_oHH3vsMBNhFaSs2okmt6btXEg_tHOYw38zsoPS6DGqNNCuP0EEJ2W9mtL1TSABvOvRTbqewzN7kqZKfNObXCelxObt_B4OOw7GWzJYNF4KwdVTUzEmOnFpmWF2hrRvBJbaSG4e2KSrtkEnSpRWSVabkjUunkWL0U1D0evp5g45lYHQP3Q6cJfcLjVGZTUX_phSM0BWfQ18LwkvL:1o0Q7q:RdL1IzTo3v8FLzpT2lEXWfIhUUpg-xxvm6OjX675SpA", "expire_date": "2022-06-26T16:07:42.192Z"}}, {"model": "sessions.session", "pk": "8ojwc8hkn481z8sm6po28mqqesfqe32m", "fields": {"session_data": ".eJyrVkpKTFeyqlYyNAeRmSWpucXxSZXxxZlVqSCBXCUrw9paHSUzrLLFQFkdpYocqCIjQzDf0BTMBwA0iBuj:1nyv9N:DCwLbPm59EFYfs3zvCji7wj6Dbq5TiNxQCjsGMgHVFQ", "expire_date": "2022-06-22T12:51:05.169Z"}}, {"model": "sessions.session", "pk": "fayuh156kr8f7uvqdlq5y0va0e1q9ioq", "fields": {"session_data": ".eJxVjEEOwiAQRe_C2pACYwWX7j0DGWYGqRpISrsy3l2bdKHb_977LxVxXUpcu8xxYnVWRh1-t4T0kLoBvmO9NU2tLvOU9KbonXZ9bSzPy-7-HRTs5Vvn5IBoRA852-CtZxYT-OQQkCQ7OwRJFt0IAXwKiDQcGdAbDMawsHp_AAXMOME:1nw3Nb:CGkMOXkVVxZIXr9Yf98XGp-qTNkUZSWfzZO6tlnXPtA", "expire_date": "2022-06-14T15:01:55.553Z"}}, {"model": "sessions.session", "pk": "le6itnmfil916jg2gqpla2zgf8jq9c2s", "fields": {"session_data": "eyJzYXZlX2luZm8iOmZhbHNlfQ:1o0ioo:olBOsiCAYmtjNYy8d7uEFAGaCsXAQqmaCQ6_S4IXOKc", "expire_date": "2022-06-27T12:05:18.975Z"}}, {"model": "sessions.session", "pk": "p8a94lkg278u454mbxpwlj5kfoh6kmwt", "fields": {"session_data": ".eJxVjEEOwiAQRe_C2pBCBwou3fcMZGAGqRqalHZlvLtt0oVu_3vvv0XAbS1ha7yEicRVKHH53SKmJ9cD0APrfZZprusyRXko8qRNjjPx63a6fwcFW9nr3nHnHGokTwmtMgg4DNZakwwaxzn3CjwD-xxNt8uWmDQnpwE8KCM-X-r0N-g:1o0nPX:Lh5Bb7hSORnNaSDxxWsFecK5BJQTBHAI2OOaGKTnshE", "expire_date": "2022-06-27T16:59:31.400Z"}}, {"model": "sessions.session", "pk": "pv9z5amzol1hotq57exeacmrfktvknj4", "fields": {"session_data": "eyJiYWciOnsiMSI6MiwiNiI6MSwiMiI6MSwiOCI6MywiMTAiOjEsIjEzIjoyfX0:1nytKA:Ktafd_kLW_3pYHCutSbqH4tJGjJtIO_CL_gVsrtzEHo", "expire_date": "2022-06-22T10:54:06.189Z"}}, {"model": "sessions.session", "pk": "umj2niah3mlvlfmultlp05iuzpckz3jz", "fields": {"session_data": "eyJiYWciOnsiMyI6eyJpdGVtc19ieV9zaXplIjp7Im0iOjJ9fX19:1nzMbr:-xrqcWDOOAEdkPC_QB0L494DXlVE6bFFJKxsjcoewZE", "expire_date": "2022-06-23T18:10:19.368Z"}}, {"model": "sites.site", "pk": 1, "fields": {"domain": "AllThingsVolleyball@example.com", "name": "All Things Volleyball"}}, {"model": "account.emailaddress", "pk": 1, "fields": {"user": 1, "email": "smithylee81@yahoo.co.uk", "verified": true, "primary": true}}, {"model": "account.emailaddress", "pk": 2, "fields": {"user": 3, "email": "lorni1981@gmail.com", "verified": true, "primary": true}}, {"model": "account.emailaddress", "pk": 3, "fields": {"user": 4, "email": "jasvraitch@yahoo.com", "verified": true, "primary": true}}, {"model": "products.category", "pk": 1, "fields": {"name": "All Products", "friendly_name": "All Products"}}, {"model": "products.category", "pk": 5, "fields": {"name": "leggings", "friendly_name": "Leggings"}}, {"model": "products.category", "pk": 6, "fields": {"name": "t-shirts_tank_tops", "friendly_name": "T-Shirts & Tank Tops"}}, {"model": "products.category", "pk": 7, "fields": {"name": "hoodies", "friendly_name": "Hoodies"}}, {"model": "products.category", "pk": 8, "fields": {"name": "balls", "friendly_name": "Balls"}}, {"model": "products.category", "pk": 9, "fields": {"name": "knee_pads", "friendly_name": "Knee Pads"}}, {"model": "products.category", "pk": 10, "fields": {"name": "nets", "friendly_name": "Nets"}}, {"model": "products.category", "pk": 11, "fields": {"name": "bottles", "friendly_name": "Bottles"}}, {"model": "products.category", "pk": 12, "fields": {"name": "bags", "friendly_name": "Bags"}}, {"model": "products.product", "pk": 1, "fields": {"category": 7, "sku": "B00BW2CZXK", "name": "Evolution of Volleyball Adult/Mens/Ladies Hoodie", "description": "MACHINE WASHABLE HIGH QUALITY HOODED TOP: Our super soft hoodies are made from a high quality hard wearing cotton blend that is machine washable - keeps their shape and colour for long lasting wear", "has_sizes": true, "price": "16.99", "rating": "5.00", "image_url": "https://github.com/smithylee81/All_Things_Volleyball/blob/f351a17b4b67447fc743920d6e60cd81f92e7cbe/media/VballEvoPinkHoodie.jpeg", "image": "VballEvoPinkHoodie_3K9eFjf.jpeg"}}, {"model": "products.product", "pk": 2, "fields": {"category": 7, "sku": "B07K7GRPTG", "name": "Funny Novelty Hoodie", "description": "Evo Volleyball Hoody Jumper/Hoodies Clothing", "has_sizes": true, "price": "20.95", "rating": "4.00", "image_url": "https://github.com/smithylee81/All_Things_Volleyball/blob/f351a17b4b67447fc743920d6e60cd81f92e7cbe/media/VballEvoDarkHoodie.jpeg", "image": "VballEvoDarkHoodie_xaLflPv.jpeg"}}, {"model": "products.product", "pk": 3, "fields": {"category": 7, "sku": "B08JHPSKXX", "name": "Pullover Hoodie", "description": "Retro Vintage Volleyball Hoodies - Gifts For Volleyball Players", "has_sizes": true, "price": "36.95", "rating": "5.00", "image_url": "https://github.com/smithylee81/All_Things_Volleyball/blob/f351a17b4b67447fc743920d6e60cd81f92e7cbe/media/VballEvoColorHoodie.jpeg", "image": "VballEvoColorHoodie_8k2MNks.jpeg"}}, {"model": "products.product", "pk": 4, "fields": {"category": 7, "sku": "B08SCF4LCR", "name": "Unisex Hoodie", "description": "Shopagift Evolution of Volleyball Hoodies/Hooded Top", "has_sizes": true, "price": "24.99", "rating": "4.50", "image_url": "https://github.com/smithylee81/All_Things_Volleyball/blob/f351a17b4b67447fc743920d6e60cd81f92e7cbe/media/VballEvoNavyHoodie.jpeg", "image": "VballEvoNavyHoodie_r7zTeEp.jpeg"}}, {"model": "products.product", "pk": 5, "fields": {"category": 6, "sku": "B09RV7DCLQ", "name": "Volley Heartbeat Vintage Retro Tank Top", "description": "VOLLEYBALL Evolution Volley Heartbeat Vintage Retro Tank Top", "has_sizes": true, "price": "16.69", "rating": "4.30", "image_url": "https://github.com/smithylee81/All_Things_Volleyball/blob/f351a17b4b67447fc743920d6e60cd81f92e7cbe/media/VballEvoVest.jpeg", "image": "VballEvoVest_arlDVrr.jpeg"}}, {"model": "products.product", "pk": 6, "fields": {"category": 6, "sku": "B09PC2SBVJ", "name": "Volleyball Player Tank Top", "description": "Funny Retro Evolution Volleyball Evolution Volleyball Player Tank Top", "has_sizes": true, "price": "14.69", "rating": "4.90", "image_url": "https://github.com/smithylee81/All_Things_Volleyball/blob/f351a17b4b67447fc743920d6e60cd81f92e7cbe/media/VballEvoVestGrey.jpeg", "image": "VballEvoVestGrey_f3TdrJJ.jpeg"}}, {"model": "products.product", "pk": 7, "fields": {"category": 6, "sku": "B07XNNTZCN", "name": "Volleyball Players T-Shirt", "description": "Retro Volleyball Evolution Gift For Volleyball Players T-Shirt", "has_sizes": true, "price": "17.95", "rating": "4.50", "image_url": "https://github.com/smithylee81/All_Things_Volleyball/blob/f351a17b4b67447fc743920d6e60cd81f92e7cbe/media/VballEvoTShirt1.jpeg", "image": "VballEvoTShirt1_MT227hh.jpeg"}}, {"model": "products.product", "pk": 8, "fields": {"category": 6, "sku": "B094XLPRQ4", "name": "Volleyball Human Evolution T-Shirt", "description": "Volleyball Player VintageFunny Volleyball Human Evolution T-Shirt", "has_sizes": true, "price": "15.99", "rating": "4.80", "image_url": "https://github.com/smithylee81/All_Things_Volleyball/blob/f351a17b4b67447fc743920d6e60cd81f92e7cbe/media/VballEvoTShirt2.jpeg", "image": "VballEvoTShirt2_JZUVq9J.jpeg"}}, {"model": "products.product", "pk": 9, "fields": {"category": 10, "sku": "B08RN6YG9Q", "name": "Vanku Professional Volleyball Net", "description": "Vanku Professional Volleyball Nets and Ball Set System for Outdoor Beach, Garden with Adjustable Height Steel Poles, Strong Nylon Net, PU Volleyball and Carrying Bag", "has_sizes": false, "price": "109.99", "rating": "4.50", "image_url": "https://github.com/smithylee81/All_Things_Volleyball/blob/f351a17b4b67447fc743920d6e60cd81f92e7cbe/media/VballNetKit1.jpeg", "image": "VolleyballNetKit.jpeg"}}, {"model": "products.product", "pk": 10, "fields": {"category": 10, "sku": "B0B1HZCSV1", "name": "Volleyball Net Set Professional Portable", "description": "Volleyball Net Set Professional Portable Volleyball Badminton Tennis Beachball Nets System with Adjustable Height,PU Volleyball,Carrying Bag, for Adults Kids Outdoor Backyard Beach", "has_sizes": false, "price": "45.99", "rating": "4.20", "image_url": "https://github.com/smithylee81/All_Things_Volleyball/blob/f351a17b4b67447fc743920d6e60cd81f92e7cbe/media/VballNetKit2.jpeg", "image": "VolleyballNetKit2.jpeg"}}, {"model": "products.product", "pk": 11, "fields": {"category": 10, "sku": "‎B09FJMTTVS", "name": "Retoteng Portable Volleyball Net", "description": "Retoteng Portable Volleyball Net Foldable Nets for Indoor Outdoor Backyard Schoolyard Garden Beach Standard Size Training Equipment with Steel Cable Rope[No Poles]", "has_sizes": false, "price": "20.99", "rating": "4.80", "image_url": "https://github.com/smithylee81/All_Things_Volleyball/blob/f351a17b4b67447fc743920d6e60cd81f92e7cbe/media/VBallNetPortable.jpeg", "image": "VBallNetPortable_HZCgVyM.jpeg"}}, {"model": "products.product", "pk": 12, "fields": {"category": 10, "sku": "B091GRWDC9", "name": "DRM Large 6M Adjustable Volleyball Net", "description": "DRM Large 6M Adjustable Volleyball Nets, Folding Tennis Net Set, Badminton Net Set -Easy Setup Nylon Sports Net with Free Carry Bag for Beach, Grass Park, Backyard", "has_sizes": false, "price": "31.99", "rating": "4.90", "image_url": "https://github.com/smithylee81/All_Things_Volleyball/blob/f351a17b4b67447fc743920d6e60cd81f92e7cbe/media/VballNetKit3.jpeg", "image": "VballNetKit3_fvpBIxd.jpeg"}}, {"model": "products.product", "pk": 13, "fields": {"category": 8, "sku": "B01K1SXGCO", "name": "VETRA Volleyball Soft Touch Ball", "description": "Volleyball Ball, Balls Official Size: 5 . Outdoor Indoor Beach Gym Game", "has_sizes": false, "price": "12.99", "rating": "5.00", "image_url": "https://github.com/smithylee81/All_Things_Volleyball/blob/f351a17b4b67447fc743920d6e60cd81f92e7cbe/media/VetraVBallSoft.jpeg", "image": "VetraVBallSoft_lXYiO2w.jpeg"}}, {"model": "products.product", "pk": 14, "fields": {"category": 8, "sku": "B08BFP2HB2", "name": "Senston Volleyball Official Size 5 Ball", "description": "Senston Volleyball Ball, Official Size 5 Soft Touche Volley Ball Indoor Outdoor Beach Volleyballs", "has_sizes": false, "price": "14.99", "rating": "5.00", "image_url": "https://github.com/smithylee81/All_Things_Volleyball/blob/f351a17b4b67447fc743920d6e60cd81f92e7cbe/media/SenstonVballSoft.jpeg", "image": "SenstonVballSoft_sjGyrWw.jpeg"}}, {"model": "products.product", "pk": 15, "fields": {"category": 8, "sku": "B08XZ5WMLW", "name": "Beach Volleyball Official Size 5 Ball", "description": "Beach Volleyball Ball, Official Balls - Size 5 - Runleaps Soft Waterproof Volleyball Sand Sports PU Ball for Indoor, Outdoor, Pool, Gym, Training", "has_sizes": false, "price": "15.99", "rating": "4.80", "image_url": "https://github.com/smithylee81/All_Things_Volleyball/blob/f351a17b4b67447fc743920d6e60cd81f92e7cbe/media/RunleapVballSoft.jpeg", "image": "RunleapVballSoft_pS80L1P.jpeg"}}, {"model": "products.product", "pk": 16, "fields": {"category": 8, "sku": "B0874KSK9Z", "name": "MIKASA VOLLEYBALL Ball", "description": "MIKASA LIGHTWEIGHT BALLS - VOLLEYBALL 260G", "has_sizes": false, "price": "19.00", "rating": "5.00", "image_url": "https://github.com/smithylee81/All_Things_Volleyball/blob/f351a17b4b67447fc743920d6e60cd81f92e7cbe/media/MikasaVball.jpeg", "image": "MikasaVball_RoCT6rY.jpeg"}}, {"model": "products.product", "pk": 17, "fields": {"category": 5, "sku": "B07H81CJ46", "name": "Colour Block Sports Leggings", "description": "AURIQUE Women's Colour Block Sports Leggings", "has_sizes": true, "price": "18.10", "rating": "4.50", "image_url": "https://github.com/smithylee81/All_Things_Volleyball/blob/f351a17b4b67447fc743920d6e60cd81f92e7cbe/media/Leggings1.jpeg", "image": "Leggings1_IoYfB7h.jpeg"}}, {"model": "products.product", "pk": 18, "fields": {"category": 5, "sku": "B08NZT5FR5", "name": "Women's Leggings", "description": "JOYSPELS Women's Yoga Leggings", "has_sizes": true, "price": "19.95", "rating": "4.50", "image_url": "https://github.com/smithylee81/All_Things_Volleyball/blob/f351a17b4b67447fc743920d6e60cd81f92e7cbe/media/Leggings2.jpeg", "image": "Leggings2_FYUbRQE.jpeg"}}, {"model": "products.product", "pk": 19, "fields": {"category": 5, "sku": "B07VH2RHX3", "name": "Women's Leggings", "description": "JOYSPELS Women's Yoga Leggings", "has_sizes": true, "price": "17.80", "rating": "4.80", "image_url": "https://github.com/smithylee81/All_Things_Volleyball/blob/f351a17b4b67447fc743920d6e60cd81f92e7cbe/media/Leggings3.jpeg", "image": "Leggings3_h74RJ1g.jpeg"}}, {"model": "products.product", "pk": 20, "fields": {"category": 5, "sku": "B0827QQ4HZ", "name": "VERTAST Pack of 3 Pairs Leggings", "description": "VERTAST Pack of 3 Pairs Leggings for women, 5.5 Inch High-Waisted Non see Through Sports Running Pants Yoga Tummy Control Workout Tights with Pocket", "has_sizes": true, "price": "27.90", "rating": "5.00", "image_url": "https://github.com/smithylee81/All_Things_Volleyball/blob/f351a17b4b67447fc743920d6e60cd81f92e7cbe/media/Leggings4.jpeg", "image": "Leggings4_qBvUI1l.jpeg"}}, {"model": "products.product", "pk": 21, "fields": {"category": 12, "sku": "‎B07JMHSCKJ", "name": "Volleyball Team Bag", "description": "LUX Football Backpack with Ball Holder Compartment for Sports Youth Kids Boys Men Girls Team Bag Futsal Basketball Volleyball Gym", "has_sizes": false, "price": "27.97", "rating": "5.00", "image_url": "https://github.com/smithylee81/All_Things_Volleyball/blob/f351a17b4b67447fc743920d6e60cd81f92e7cbe/media/VballBag1.jpeg", "image": "VballBag1_8amcOBk.jpeg"}}, {"model": "products.product", "pk": 22, "fields": {"category": 12, "sku": "‎B07SZ7ZMMN", "name": "Large Capacity Durable Mesh Volleyball Bag", "description": "IPENNY Large Capacity Durable Mesh Ball Football Bag Sports Equipment Duffel Bag Gym Drawstring Bag Waterproof Shoulder Bag Basketball Volleyball Soccer Rug Ball Carrying Bag Tote Storage Sack", "has_sizes": false, "price": "16.99", "rating": "4.80", "image_url": "https://github.com/smithylee81/All_Things_Volleyball/blob/f351a17b4b67447fc743920d6e60cd81f92e7cbe/media/VballBag2.jpeg", "image": "VballBag2_oA9Eqdw.jpeg"}}, {"model": "products.product", "pk": 23, "fields": {"category": 12, "sku": "‎B09VT6WCNB", "name": "Volleyball Training Bag", "description": "DSLEAF Basketball Backpack for Boys, Girls & Youth, Football Bag with Separate Ventilated Shoe Compartment for Basketball, Football, Volleyball Training", "has_sizes": false, "price": "34.99", "rating": "5.00", "image_url": "https://github.com/smithylee81/All_Things_Volleyball/blob/f351a17b4b67447fc743920d6e60cd81f92e7cbe/media/VballBag3.jpeg", "image": "VballBag3_aRoYSLE.jpeg"}}, {"model": "products.product", "pk": 24, "fields": {"category": 12, "sku": "B08C351V5D", "name": "KITSACK The ultimate volleyball bag", "description": "KITSACK The ultimate volleyball carrying rucksack. Weather proof school bag that has a pocket for everything.Designed to tough enough for the playground also great for beach days and picnics.", "has_sizes": false, "price": "34.99", "rating": "5.00", "image_url": "https://github.com/smithylee81/All_Things_Volleyball/blob/f351a17b4b67447fc743920d6e60cd81f92e7cbe/media/VballBag4.jpeg", "image": "VballBag4_JG0CUg3.jpeg"}}, {"model": "products.product", "pk": 25, "fields": {"category": 11, "sku": "B083HYCCRJ", "name": "Travel Water Bottle Volleyball", "description": "Printtoo Travel Water Bottles - Volleyball Print Aluminum Sport Bottle Kids 650ml/21.9oz", "has_sizes": false, "price": "13.99", "rating": "4.50", "image_url": "https://github.com/smithylee81/All_Things_Volleyball/blob/f351a17b4b67447fc743920d6e60cd81f92e7cbe/media/VballBottlePersonal.jpeg", "image": "VballBottlePersonal_ISpPe0o.jpeg"}}, {"model": "products.product", "pk": 26, "fields": {"category": 11, "sku": "B09C1VJ2VT", "name": "Volleyball Flame Water Bottle", "description": "Volleyball Flame Water Bottles Bpa Free 600ml Stainless Steel Sport Water Bottle for Outdoor Gym Hiking Running", "has_sizes": false, "price": "23.99", "rating": "5.00", "image_url": "https://github.com/smithylee81/All_Things_Volleyball/blob/f351a17b4b67447fc743920d6e60cd81f92e7cbe/media/VballBottleFlame.jpeg", "image": "VballBottleFlame_xgnSm4F.jpeg"}}, {"model": "products.product", "pk": 27, "fields": {"category": 11, "sku": "B09R4T6KGB", "name": "Retro Style Faded Volleyball Water Bottle", "description": "Retro Style Faded Volleyball Tourist Water Bottles/Flask White 400ml", "has_sizes": false, "price": "14.99", "rating": "4.50", "image_url": "https://github.com/smithylee81/All_Things_Volleyball/blob/f351a17b4b67447fc743920d6e60cd81f92e7cbe/media/VballBottleBall.jpeg", "image": "VballBottleBall_VXhVWn9.jpeg"}}, {"model": "products.product", "pk": 28, "fields": {"category": 11, "sku": "‎B09R4STZK8", "name": "Retro Poster Styled Volleyball Water Bottle", "description": "Retro Poster Styled Volleyball Serve Graphic Tourist Water Bottles/Flask White 500ml", "has_sizes": false, "price": "14.99", "rating": "5.00", "image_url": "https://github.com/smithylee81/All_Things_Volleyball/blob/f351a17b4b67447fc743920d6e60cd81f92e7cbe/media/VballBottleSpikeIt.jpeg", "image": "VballBottleSpikeIt_X9HM4MD.jpeg"}}, {"model": "products.product", "pk": 29, "fields": {"category": 9, "sku": "B077ZLCVTY", "name": "Volleyball Knee Pads", "description": "Bodyprox Volleyball Knee Pads for Junior Youth, 1 Pair Unisex", "has_sizes": false, "price": "14.99", "rating": "4.20", "image_url": "https://github.com/smithylee81/All_Things_Volleyball/blob/f351a17b4b67447fc743920d6e60cd81f92e7cbe/media/KneePads1.jpeg", "image": "KneePads1_UGC2E0y.jpeg"}}, {"model": "products.product", "pk": 30, "fields": {"category": 9, "sku": "B08CVLXVJV", "name": "Protective Knee Pads", "description": "Soudittur Protective Knee Pads Anti-Slip Collision Thick Sponge Dance Knee Pad for Adult Warm Knee Sleeve for Dancing Mtb Volleyball Work Skateboard 2PCS, Black", "has_sizes": false, "price": "9.98", "rating": "4.90", "image_url": "https://github.com/smithylee81/All_Things_Volleyball/blob/f351a17b4b67447fc743920d6e60cd81f92e7cbe/media/KneePads2.jpeg", "image": "KneePads2_molMJBN.jpeg"}}, {"model": "products.product", "pk": 31, "fields": {"category": 9, "sku": "B09KLDYGNS", "name": "Thick Sponge Anti-Collision Kneepads", "description": "Protective Knee Pads Thick Sponge Anti-Collision Kneepads Protector for Volleyball,Dance,Basketball Riding,Runining,Skateboard,Outdoor Sport Non-slip Wrestling Highly Elastic Knee Protector 1 Pair", "has_sizes": false, "price": "12.99", "rating": "4.60", "image_url": "https://github.com/smithylee81/All_Things_Volleyball/blob/f351a17b4b67447fc743920d6e60cd81f92e7cbe/media/KneePads3.jpeg", "image": "KneePads3_e1Dy60U.jpeg"}}, {"model": "products.product", "pk": 32, "fields": {"category": 9, "sku": "B07L4K9HNL", "name": "EULANT Stretchy Knee Pads for Volleyball", "description": "EULANT Stretchy Dance Knee Pads,Soft Flexible Knee Protectors for Kids/Juniors/Adults, Cotton Sports Knee Supports for Volleyball Rugby Cycling Ski Skating Scooter Exercises Yoga Pilate Gymnastics", "has_sizes": false, "price": "12.99", "rating": "4.50", "image_url": "https://github.com/smithylee81/All_Things_Volleyball/blob/f351a17b4b67447fc743920d6e60cd81f92e7cbe/media/KneePads4.jpeg", "image": "KneePads4_xoiwrI6.jpeg"}}, {"model": "checkout.order", "pk": 1, "fields": {"order_number": "52DFF13B864F46459B6642D276E3EEFB", "user_profile": null, "full_name": "test", "email": "test@test.com", "phone_number": "098765432", "country": "US", "postcode": "G46 8et", "town_or_city": "SOmewhere", "street_address1": "somehwhere", "street_address2": "anywhere", "county": "anywhere", "date": "2022-06-10T19:09:38.233Z", "delivery_cost": "0.00", "order_total": "0.00", "grand_total": "0.00", "original_bag": "", "stripe_pid": ""}}, {"model": "checkout.order", "pk": 2, "fields": {"order_number": "38ED1D0FAA02440496B72BA713D24F1F", "user_profile": null, "full_name": "test", "email": "test@test.com", "phone_number": "123456789", "country": "anywhere", "postcode": "G46 8ET", "town_or_city": "SOmewhere", "street_address1": "somehwhere", "street_address2": "anywhere", "county": "anywhere", "date": "2022-06-11T12:59:44.937Z", "delivery_cost": "0.00", "order_total": "54.88", "grand_total": "54.88", "original_bag": "", "stripe_pid": ""}}, {"model": "checkout.order", "pk": 3, "fields": {"order_number": "708C5E3299114E4E9354CAEFB083BE73", "user_profile": null, "full_name": "test", "email": "test@test.com", "phone_number": "1234567890", "country": "Scotland", "postcode": "fbasbflas", "town_or_city": "SOmewhere", "street_address1": "somehwhere", "street_address2": "somewhere", "county": "anywhere", "date": "2022-06-11T14:02:37.966Z", "delivery_cost": "0.00", "order_total": "146.94", "grand_total": "146.94", "original_bag": "", "stripe_pid": ""}}, {"model": "checkout.order", "pk": 4, "fields": {"order_number": "C5633ADF9DB64C7990E75B311CA84E04", "user_profile": null, "full_name": "test", "email": "test@test.com", "phone_number": "3456598", "country": "US", "postcode": "G46 8ET", "town_or_city": "SOmewhere", "street_address1": "anywhere", "street_address2": "anywhere", "county": "anywhere", "date": "2022-06-11T16:00:30.890Z", "delivery_cost": "0.00", "order_total": "59.58", "grand_total": "59.58", "original_bag": "{\"5\": {\"items_by_size\": {\"m\": 1}}, \"20\": {\"items_by_size\": {\"m\": 1}}, \"27\": 1}", "stripe_pid": "pi_3L9WiSLL9eLnz7My1PiINs8P"}}, {"model": "checkout.order", "pk": 5, "fields": {"order_number": "9991EDFB50BE413CA4DB0E596EA848A4", "user_profile": 2, "full_name": "Lorni Smith", "email": "smithylee81@yahoo.co.uk", "phone_number": "1234567", "country": "BS", "postcode": "gsdg", "town_or_city": "gsdgs", "street_address1": "gfdsg", "street_address2": "gsdgds", "county": "gsd", "date": "2022-06-13T10:28:51.158Z", "delivery_cost": "1.70", "order_total": "16.99", "grand_total": "18.69", "original_bag": "{\"1\": {\"items_by_size\": {\"s\": 1}}}", "stripe_pid": "pi_3LAAVSLL9eLnz7My1rhT15bO"}}, {"model": "checkout.order", "pk": 6, "fields": {"order_number": "1928A53F93B34A46B68871227705AE81", "user_profile": 2, "full_name": "Lorni Smith", "email": "smithylee81@yahoo.co.uk", "phone_number": "1234567", "country": "BS", "postcode": "gsdg", "town_or_city": "gsdgs", "street_address1": "gfdsg", "street_address2": "gsdgds", "county": "gsd", "date": "2022-06-13T10:46:03.332Z", "delivery_cost": "2.80", "order_total": "27.97", "grand_total": "30.77", "original_bag": "{\"21\": 1}", "stripe_pid": "pi_3LAAmELL9eLnz7My1UChzlDn"}}, {"model": "checkout.order", "pk": 7, "fields": {"order_number": "9E1DB7C256E84C8D8A7E0E01AA0B9C41", "user_profile": 2, "full_name": "Lorni Smith", "email": "smithylee81@yahoo.co.uk", "phone_number": "1234567", "country": "BS", "postcode": "gsdg", "town_or_city": "gsdgs", "street_address1": "gfdsg", "street_address2": "gsdgds", "county": "gsd", "date": "2022-06-13T10:52:46.335Z", "delivery_cost": "1.81", "order_total": "18.10", "grand_total": "19.91", "original_bag": "{\"17\": {\"items_by_size\": {\"m\": 1}}}", "stripe_pid": "pi_3LAAsoLL9eLnz7My1A1ohZJn"}}, {"model": "checkout.order", "pk": 8, "fields": {"order_number": "CCA57C1266024E4F875DE6CEC3F78526", "user_profile": 2, "full_name": "Lorni Smith", "email": "smithylee81@yahoo.co.uk", "phone_number": "1234567", "country": "BS", "postcode": "gsdg", "town_or_city": "gsdgs", "street_address1": "gfdsg", "street_address2": "gsdgds", "county": "gsd", "date": "2022-06-13T10:56:32.940Z", "delivery_cost": "2.10", "order_total": "20.99", "grand_total": "23.09", "original_bag": "{\"11\": 1}", "stripe_pid": "pi_3LAAwULL9eLnz7My0OVfbArn"}}, {"model": "checkout.order", "pk": 9, "fields": {"order_number": "5EB473304F704133AB5F3F3DAE128C8D", "user_profile": 2, "full_name": "Lorni Smith", "email": "smithylee81@yahoo.co.uk", "phone_number": "1234567", "country": "BS", "postcode": "gsdg", "town_or_city": "gsdgs", "street_address1": "gfdsg", "street_address2": "gsdgds", "county": "gsd", "date": "2022-06-13T10:59:14.411Z", "delivery_cost": "2.40", "order_total": "23.99", "grand_total": "26.39", "original_bag": "{\"26\": 1}", "stripe_pid": "pi_3LAAz6LL9eLnz7My0xSIKxUR"}}, {"model": "checkout.order", "pk": 10, "fields": {"order_number": "B8EDBA4FE88645C3A1263BB64DB6CA99", "user_profile": 2, "full_name": "Lorni Smith", "email": "smithylee81@yahoo.co.uk", "phone_number": "1234567", "country": "BS", "postcode": "gsdg", "town_or_city": "gsdgs", "street_address1": "gfdsg", "street_address2": "gsdgds", "county": "gsd", "date": "2022-06-13T11:05:19.399Z", "delivery_cost": "3.70", "order_total": "36.95", "grand_total": "40.64", "original_bag": "{\"3\": {\"items_by_size\": {\"s\": 1}}}", "stripe_pid": "pi_3LAB4oLL9eLnz7My1cgpujAE"}}, {"model": "checkout.order", "pk": 11, "fields": {"order_number": "E32EB6FEF1F24C19B88A4B054E779902", "user_profile": 2, "full_name": "Lorni Smith", "email": "smithylee81@yahoo.co.uk", "phone_number": "1234567", "country": "BS", "postcode": "gsdg", "town_or_city": "gsdgs", "street_address1": "gfdsg", "street_address2": "gsdgds", "county": "gsd", "date": "2022-06-13T11:07:19.443Z", "delivery_cost": "1.70", "order_total": "16.99", "grand_total": "18.69", "original_bag": "{\"22\": 1}", "stripe_pid": "pi_3LAB6uLL9eLnz7My1ZrPn4ca"}}, {"model": "checkout.order", "pk": 12, "fields": {"order_number": "0D15CD4B94924EBEBAF9EA5068F43AE0", "user_profile": 2, "full_name": "Lorni Smith", "email": "smithylee81@yahoo.co.uk", "phone_number": "1234567", "country": "BS", "postcode": "gsdg", "town_or_city": "gsdgs", "street_address1": "gfdsg", "street_address2": "gsdgds", "county": "gsd", "date": "2022-06-13T11:11:39.198Z", "delivery_cost": "1.30", "order_total": "12.99", "grand_total": "14.29", "original_bag": "{\"31\": 1}", "stripe_pid": "pi_3LABB7LL9eLnz7My0z0R3Fnf"}}, {"model": "checkout.order", "pk": 13, "fields": {"order_number": "3490A2F373404E449E1613A45BD181A0", "user_profile": 2, "full_name": "Lorni Smith", "email": "smithylee81@yahoo.co.uk", "phone_number": "1234567", "country": "BS", "postcode": "gsdg", "town_or_city": "gsdgs", "street_address1": "gfdsg", "street_address2": "gsdgds", "county": "gsd", "date": "2022-06-13T11:50:04.803Z", "delivery_cost": "1.30", "order_total": "12.99", "grand_total": "14.29", "original_bag": "{\"13\": 1}", "stripe_pid": "pi_3LABmILL9eLnz7My0Z8qR7JD"}}, {"model": "checkout.order", "pk": 14, "fields": {"order_number": "752626F711514EB3B620B68352AE21B7", "user_profile": 2, "full_name": "Lorni Smith", "email": "smithylee81@yahoo.co.uk", "phone_number": "1234567", "country": "BS", "postcode": "gsdg", "town_or_city": "gsdgs", "street_address1": "gfdsg", "street_address2": "gsdgds", "county": "gsd", "date": "2022-06-13T11:53:47.017Z", "delivery_cost": "3.20", "order_total": "31.99", "grand_total": "35.19", "original_bag": "{\"12\": 1}", "stripe_pid": "pi_3LABpsLL9eLnz7My0hIQPJ3C"}}, {"model": "checkout.order", "pk": 15, "fields": {"order_number": "1D5C3CE188B34310A2AADAA9A8CB0165", "user_profile": 2, "full_name": "Lorni Smith", "email": "smithylee81@yahoo.co.uk", "phone_number": "1234567", "country": "BS", "postcode": "gsdg", "town_or_city": "gsdgs", "street_address1": "gfdsg", "street_address2": "gsdgds", "county": "gsd", "date": "2022-06-13T11:56:22.530Z", "delivery_cost": "1.81", "order_total": "18.10", "grand_total": "19.91", "original_bag": "{\"17\": {\"items_by_size\": {\"m\": 1}}}", "stripe_pid": "pi_3LABsNLL9eLnz7My1K6W9aFE"}}, {"model": "checkout.order", "pk": 16, "fields": {"order_number": "E84CDFBE49564BF19A388D8DBB796F16", "user_profile": null, "full_name": "Sean", "email": "sean@sean.com", "phone_number": "0123456789", "country": "IE", "postcode": "a123bc456", "town_or_city": "some town", "street_address1": "some address", "street_address2": "some address", "county": "Dublin", "date": "2022-06-13T12:05:18.847Z", "delivery_cost": "3.70", "order_total": "36.95", "grand_total": "40.64", "original_bag": "{\"3\": {\"items_by_size\": {\"m\": 1}}}", "stripe_pid": "pi_3LAC0wLL9eLnz7My0zVJhDSO"}}, {"model": "checkout.order", "pk": 17, "fields": {"order_number": "3E230C618B0148CEA9FE036584A13C2D", "user_profile": 2, "full_name": "Lorni Smith", "email": "smithylee81@yahoo.co.uk", "phone_number": "1234567", "country": "BS", "postcode": "gsdg", "town_or_city": "gsdgs", "street_address1": "gfdsg", "street_address2": "gsdgds", "county": "gsd", "date": "2022-06-13T12:08:40.425Z", "delivery_cost": "1.60", "order_total": "15.99", "grand_total": "17.59", "original_bag": "{\"8\": {\"items_by_size\": {\"m\": 1}}}", "stripe_pid": "pi_3LAC4ILL9eLnz7My0AXuGgx3"}}, {"model": "checkout.order", "pk": 18, "fields": {"order_number": "E6C5B41B021849A8A52C6F62E7C419AF", "user_profile": 2, "full_name": "Lorni", "email": "smithylee81@yahoo.co.uk", "phone_number": "01234567890", "country": "AU", "postcode": "fasfas", "town_or_city": "fasfa", "street_address1": "142", "street_address2": "dawdfa", "county": "faf", "date": "2022-06-13T12:29:11.258Z", "delivery_cost": "1.70", "order_total": "16.99", "grand_total": "18.69", "original_bag": "{\"1\": {\"items_by_size\": {\"s\": 1}}}", "stripe_pid": "pi_3LA9WVLL9eLnz7My1sH7DjJf"}}, {"model": "checkout.order", "pk": 19, "fields": {"order_number": "BE8AF8FE5743461FAA587DDA31672A46", "user_profile": 2, "full_name": "Lorni", "email": "smithylee81@yahoo.co.uk", "phone_number": "12345678", "country": "AU", "postcode": "fasf", "town_or_city": "fasfs", "street_address1": "dsaf", "street_address2": "fasfas", "county": "fafas", "date": "2022-06-13T12:50:51.260Z", "delivery_cost": "1.70", "order_total": "16.99", "grand_total": "18.69", "original_bag": "{\"1\": {\"items_by_size\": {\"s\": 1}}}", "stripe_pid": "pi_3LA9uTLL9eLnz7My1Pt75aXd"}}, {"model": "checkout.order", "pk": 20, "fields": {"order_number": "81B835D30C5F4980AA4237A476FC26BA", "user_profile": 2, "full_name": "Lorni", "email": "smithylee81@yahoo.co.uk", "phone_number": "123456789", "country": "AF", "postcode": "fasfas", "town_or_city": "fsafsa", "street_address1": "fsafs", "street_address2": "fafs", "county": "fsafsa", "date": "2022-06-13T12:56:53.045Z", "delivery_cost": "1.70", "order_total": "16.99", "grand_total": "18.69", "original_bag": "{\"1\": {\"items_by_size\": {\"s\": 1}}}", "stripe_pid": "pi_3LAA1dLL9eLnz7My1Br2Xu9p"}}, {"model": "checkout.order", "pk": 21, "fields": {"order_number": "92D8C50C4DAD4AD2AB8515033080DF12", "user_profile": null, "full_name": "Sean", "email": "sean@sean.com", "phone_number": "0123456789", "country": "IE", "postcode": "a123bc456", "town_or_city": "some town", "street_address1": "some address", "street_address2": "some address", "county": "Dublin", "date": "2022-06-13T13:04:29.808Z", "delivery_cost": "3.70", "order_total": "36.95", "grand_total": "40.64", "original_bag": "{\"3\": {\"items_by_size\": {\"m\": 1}}}", "stripe_pid": "pi_3LAC0wLL9eLnz7My0zVJhDSO"}}, {"model": "checkout.order", "pk": 22, "fields": {"order_number": "2BCBA2FE78434037BABE96BFF60D568F", "user_profile": 2, "full_name": "Lorni Smith", "email": "smithylee81@yahoo.co.uk", "phone_number": "123456789", "country": "AU", "postcode": "gsdgd", "town_or_city": "gsdg", "street_address1": "fdsg", "street_address2": "gdsgd", "county": "gdsgdg", "date": "2022-06-13T13:20:19.844Z", "delivery_cost": "1.70", "order_total": "16.99", "grand_total": "18.69", "original_bag": "{\"1\": {\"items_by_size\": {\"s\": 1}}}", "stripe_pid": "pi_3LAAKyLL9eLnz7My0BUrEpyf"}}, {"model": "checkout.order", "pk": 23, "fields": {"order_number": "6B554C50C74B48358E0D209A00AB5DCC", "user_profile": 2, "full_name": "Lorni Smith", "email": "smithylee81@yahoo.co.uk", "phone_number": "1234567", "country": "BS", "postcode": "gsdg", "town_or_city": "gsdgs", "street_address1": "gfdsg", "street_address2": "gsdgds", "county": "gsd", "date": "2022-06-13T14:06:33.745Z", "delivery_cost": "3.70", "order_total": "36.95", "grand_total": "40.64", "original_bag": "{\"3\": {\"items_by_size\": {\"s\": 1}}}", "stripe_pid": "pi_3LAB4oLL9eLnz7My1cgpujAE"}}, {"model": "checkout.orderlineitem", "pk": 2, "fields": {"order": 2, "product": 20, "product_size": "s", "quantity": 1, "lineitem_total": "27.90"}}, {"model": "checkout.orderlineitem", "pk": 3, "fields": {"order": 2, "product": 13, "product_size": null, "quantity": 1, "lineitem_total": "12.99"}}, {"model": "checkout.orderlineitem", "pk": 4, "fields": {"order": 2, "product": 25, "product_size": null, "quantity": 1, "lineitem_total": "13.99"}}, {"model": "checkout.orderlineitem", "pk": 5, "fields": {"order": 3, "product": 3, "product_size": "s", "quantity": 1, "lineitem_total": "36.95"}}, {"model": "checkout.orderlineitem", "pk": 6, "fields": {"order": 3, "product": 9, "product_size": null, "quantity": 1, "lineitem_total": "109.99"}}, {"model": "checkout.orderlineitem", "pk": 7, "fields": {"order": 4, "product": 5, "product_size": "m", "quantity": 1, "lineitem_total": "16.69"}}, {"model": "checkout.orderlineitem", "pk": 8, "fields": {"order": 4, "product": 20, "product_size": "m", "quantity": 1, "lineitem_total": "27.90"}}, {"model": "checkout.orderlineitem", "pk": 9, "fields": {"order": 4, "product": 27, "product_size": null, "quantity": 1, "lineitem_total": "14.99"}}, {"model": "checkout.orderlineitem", "pk": 10, "fields": {"order": 5, "product": 1, "product_size": "s", "quantity": 1, "lineitem_total": "16.99"}}, {"model": "checkout.orderlineitem", "pk": 11, "fields": {"order": 6, "product": 21, "product_size": null, "quantity": 1, "lineitem_total": "27.97"}}, {"model": "checkout.orderlineitem", "pk": 12, "fields": {"order": 7, "product": 17, "product_size": "m", "quantity": 1, "lineitem_total": "18.10"}}, {"model": "checkout.orderlineitem", "pk": 13, "fields": {"order": 8, "product": 11, "product_size": null, "quantity": 1, "lineitem_total": "20.99"}}, {"model": "checkout.orderlineitem", "pk": 14, "fields": {"order": 9, "product": 26, "product_size": null, "quantity": 1, "lineitem_total": "23.99"}}, {"model": "checkout.orderlineitem", "pk": 15, "fields": {"order": 10, "product": 3, "product_size": "s", "quantity": 1, "lineitem_total": "36.95"}}, {"model": "checkout.orderlineitem", "pk": 16, "fields": {"order": 11, "product": 22, "product_size": null, "quantity": 1, "lineitem_total": "16.99"}}, {"model": "checkout.orderlineitem", "pk": 17, "fields": {"order": 12, "product": 31, "product_size": null, "quantity": 1, "lineitem_total": "12.99"}}, {"model": "checkout.orderlineitem", "pk": 18, "fields": {"order": 13, "product": 13, "product_size": null, "quantity": 1, "lineitem_total": "12.99"}}, {"model": "checkout.orderlineitem", "pk": 19, "fields": {"order": 14, "product": 12, "product_size": null, "quantity": 1, "lineitem_total": "31.99"}}, {"model": "checkout.orderlineitem", "pk": 20, "fields": {"order": 15, "product": 17, "product_size": "m", "quantity": 1, "lineitem_total": "18.10"}}, {"model": "checkout.orderlineitem", "pk": 21, "fields": {"order": 16, "product": 3, "product_size": "m", "quantity": 1, "lineitem_total": "36.95"}}, {"model": "checkout.orderlineitem", "pk": 22, "fields": {"order": 17, "product": 8, "product_size": "m", "quantity": 1, "lineitem_total": "15.99"}}, {"model": "checkout.orderlineitem", "pk": 23, "fields": {"order": 18, "product": 1, "product_size": "s", "quantity": 1, "lineitem_total": "16.99"}}, {"model": "checkout.orderlineitem", "pk": 24, "fields": {"order": 19, "product": 1, "product_size": "s", "quantity": 1, "lineitem_total": "16.99"}}, {"model": "checkout.orderlineitem", "pk": 25, "fields": {"order": 20, "product": 1, "product_size": "s", "quantity": 1, "lineitem_total": "16.99"}}, {"model": "checkout.orderlineitem", "pk": 26, "fields": {"order": 21, "product": 3, "product_size": "m", "quantity": 1, "lineitem_total": "36.95"}}, {"model": "checkout.orderlineitem", "pk": 27, "fields": {"order": 22, "product": 1, "product_size": "s", "quantity": 1, "lineitem_total": "16.99"}}, {"model": "checkout.orderlineitem", "pk": 28, "fields": {"order": 23, "product": 3, "product_size": "s", "quantity": 1, "lineitem_total": "36.95"}}, {"model": "profiles.userprofile", "pk": 1, "fields": {"user": 2, "default_phone_number": null, "default_street_address1": null, "default_street_address2": null, "default_town_or_city": null, "default_county": null, "default_postcode": null, "default_country": null}}, {"model": "profiles.userprofile", "pk": 2, "fields": {"user": 1, "default_phone_number": "1234567", "default_street_address1": "gfdsg", "default_street_address2": "gsdgds", "default_town_or_city": "gsdgs", "default_county": "gsd", "default_postcode": "gsdg", "default_country": "BS"}}, {"model": "profiles.userprofile", "pk": 3, "fields": {"user": 3, "default_phone_number": null, "default_street_address1": null, "default_street_address2": null, "default_town_or_city": null, "default_county": null, "default_postcode": null, "default_country": null}}, {"model": "profiles.userprofile", "pk": 4, "fields": {"user": 4, "default_phone_number": null, "default_street_address1": null, "default_street_address2": null, "default_town_or_city": null, "default_county": null, "default_postcode": null, "default_country": null}}]